{"options":{"comment":null,"compatopts_for_requires":true,"compat_wrappedjsobject":false,"compat_metadata":false,"compat_foreach":false,"compat_arrayleft":false,"compat_uW_gmonkey":false,"compat_forvarin":false,"noframes":null,"awareOfChrome":false,"run_at":null,"user_agent":"","override":{"includes":false,"merge_includes":true,"use_includes":[],"orig_includes":[],"matches":false,"merge_matches":true,"use_matches":[],"orig_matches":["https://www.liferay.com/web/*/support?*"],"excludes":false,"merge_excludes":true,"use_excludes":[],"orig_excludes":[],"orig_noframes":null,"orig_run_at":"document-end"}},"settings":{"enabled":true,"position":1},"meta":{"name":"LESA KBase Links","uuid":"8d2d7438-40f1-4c20-9aac-e38929cb2ef8","modified":1427311218384,"file_url":"https://www.liferay.com/web/*/support*"}}